reviewId,NER_Text,Start_Pos,Eng_Pos,NER_Label,Prob,End_Pos
737e66ce-e646-404c-9584-54c41e996729,Parthenon,38,,MISC,0.9624003767967224,47.0
ebfd27ee-1040-4b44-90f8-5185e57d3619,Roblox,56,,MISC,0.9998502731323242,62.0
3728861d-9a93-48c3-82fa-cc562b57c3d8,Python,31,,MISC,0.999967098236084,37.0
46932c0b-d0f7-4ea9-88cf-6b2ab5d2c01b,Nice,0,,ORG,0.9999711513519287,4.0
71fef7e3-0271-4bd1-bc25-0e406c36e81b,PYTHON,88,,MISC,0.6630336046218872,94.0
9f1cc2fe-74ec-43bc-b7f5-4d4d154e27a2,Google,85,,ORG,0.9999825954437256,91.0
c7b94cfe-b979-4dac-b85b-627faa58b9fe,Python,40,,MISC,0.9999852180480957,46.0
dcbc5937-3f52-430d-9420-854f186e6e76,Em,46,,PER,0.9982283711433411,48.0
bae94abe-9f1e-4304-82a7-27054d48417d,Amizing,0,,ORG,0.9999866485595703,7.0
61d621d0-f474-48c7-a85b-fc2d42d52842,Python,15,,MISC,0.9999749660491943,21.0
f3164c1f-29ee-45b4-a182-2b9e2bc5ee8e,Beezkneez,0,,PER,0.9999836683273315,9.0
35f079cd-8dfa-4784-9da4-2be547159f57,Aquaman,102,,PER,0.9992109537124634,109.0
94aa41ff-4548-42c5-94bb-862d8efbe9ee,Python,31,,MISC,0.9999793767929077,37.0
1ebce076-6dba-4012-a00a-73c5ade36475,Python,0,,MISC,0.9998059868812561,6.0
26d42463-7db5-46f1-b7e4-ab6e8d221e47,python X,92,,MISC,0.9994207620620728,100.0
a9051ea8-89a4-4759-996a-577abd277270,MCQ,72,,MISC,0.9963732361793518,75.0
6fefa2f8-255e-4cc3-a147-77ad706072d9,Python,9,,MISC,0.9999774694442749,15.0
2699f226-f862-4f31-82ae-a3d4c425a492,Grammarly,48,,MISC,0.9993183612823486,57.0
d0d6764c-92dd-45af-acd1-57fe93026008,Alex,0,,PER,0.9999892711639404,4.0
d9e13974-ef59-461a-bf46-da68e85c7da6,Python,22,,MISC,0.9998573064804077,28.0
5c10e29e-a018-4b79-bb33-e1b2619ba0da,Nice,0,,ORG,0.9999711513519287,4.0
ae8c0191-615b-4185-8986-aeec8438e26a,Python,114,,MISC,0.9999921321868896,120.0
e4c702ec-c467-47a3-8ad4-091e309cf638,English,213,,MISC,0.9999897480010986,220.0
e40a4d09-159f-4a7c-8a56-36a515dd1434,English,124,,MISC,0.9999958276748657,131.0
e40a4d09-159f-4a7c-8a56-36a515dd1434,For Loop,415,,MISC,0.999980628490448,423.0
930995d8-e3e7-4a91-888b-fa3c600ba57f,Payton,190,,MISC,0.9995959401130676,196.0
fa6bb0e3-cb77-4ad6-96a5-1db83d55bf30,Python,51,,MISC,0.9999667406082153,57.0
1d647eda-666b-4ab2-952b-1f449840c3d6,Python X,0,,MISC,0.9999147653579712,8.0
9fd24f22-bfdd-4223-a423-702444ddc475,New York City,130,,LOC,0.9999767541885376,143.0
c9530e74-88e9-453f-843a-8094493fc37f,Mr. X PYTHON,4,,PER,0.9997839331626892,16.0
f7e348a9-3277-49f5-8c17-988dec7565dd,Amaizing,0,,ORG,0.9997773766517639,8.0
20dba420-b53f-49db-b22f-b0bc060c5875,Learn Python,12,,MISC,0.9999164342880249,24.0
13226381-e29f-4b80-927f-851d3e651a1f,PythonLanguageProgrammingCodeBasics,1,,MISC,0.9988411068916321,36.0
13226381-e29f-4b80-927f-851d3e651a1f,PythonCodeStructuredDataSystemsConfigurations,123,,MISC,0.5826701521873474,168.0
13226381-e29f-4b80-927f-851d3e651a1f,PythonUnderstanding,182,,MISC,0.9849907755851746,201.0
13226381-e29f-4b80-927f-851d3e651a1f,English,407,,MISC,0.999995231628418,414.0
2642a75b-df29-4d07-87a0-5b89122fd432,arabic,16,,MISC,0.5299925804138184,22.0
d62f0ccc-54ed-45dc-a3f9-f34e2b40a531,Awsm,0,,ORG,0.9553048014640808,4.0
9bcba024-ac43-445e-9b25-498c34a5dbe7,Nice,0,,ORG,0.9999711513519287,4.0
0ee9d605-499a-4343-9d64-94ec4425c4cc,Python,0,,MISC,0.9997108578681946,6.0
aad74599-8c16-48a6-a290-a51653336367,Python,5,,MISC,0.9999854564666748,11.0
109d3515-eee9-4ba0-8c6e-aee276c7fa71,Noice,0,,ORG,0.9995904564857483,5.0
0c053f71-3bcb-421e-9ebf-ea31c876b3e1,Verizon,0,,ORG,0.999876856803894,7.0
0c053f71-3bcb-421e-9ebf-ea31c876b3e1,Samsung Galaxy Note 20 Ultra,8,,MISC,0.9998030066490173,36.0
0c053f71-3bcb-421e-9ebf-ea31c876b3e1,Dev,200,,PER,0.9989970326423645,203.0
c247d88e-bffb-4908-beb5-b9e01f5a176a,Google,40,,ORG,0.9999904632568359,46.0
be91bb6c-ad5f-440b-a43d-85133bfedf81,Python,121,,MISC,0.9999803304672241,127.0
64d08f25-acd7-4d8b-9c09-5ad52eb4bdfa,Comcasts,80,,ORG,0.999993085861206,88.0
64d08f25-acd7-4d8b-9c09-5ad52eb4bdfa,Jason Notaro,174,,PER,0.999996542930603,186.0
64d08f25-acd7-4d8b-9c09-5ad52eb4bdfa,PSA,238,,ORG,0.9999827146530151,241.0
64d08f25-acd7-4d8b-9c09-5ad52eb4bdfa,"ABQ,NM",274,,LOC,0.9999938011169434,280.0
4635bfb0-72a3-49dc-9bb7-aae3a50dc634,Google,166,,ORG,0.9999829530715942,172.0
1351fe32-1490-4dd2-a026-1ae2e23560db,Brecht,13,,LOC,0.9999924898147583,19.0
1d5dbb28-2c30-46c1-8b50-ddfe3b7e76b4,Python,36,,MISC,0.9999868869781494,42.0
55c45c4b-3291-47bc-803e-d1e42a0ae44e,Python,47,,MISC,0.9999384880065918,53.0
a8d13e23-916e-4d29-a33b-e2b0788d73f7,FTC,116,,ORG,0.9997069239616394,119.0
0808b316-5bc3-4560-b3ac-af275fac105a,ADHD,49,,MISC,0.9097385406494141,53.0
be7e6708-6901-4b26-9ff5-f6727c027d35,W3,110,,MISC,0.9558752179145813,112.0
0ab9faab-07a4-42bf-8d61-0dcb46b4b0c2,Nice,0,,ORG,0.9999711513519287,4.0
ada10b97-dc5a-4cb3-b17f-5aa7cc785d94,Noice,0,,ORG,0.9995904564857483,5.0
be01369c-6459-49be-862d-c13cdc4b8708,Nice,134,,LOC,0.9977632761001587,138.0
d10fd911-99cb-4460-b4bd-a75247067956,PythonX Compiler,166,,MISC,0.9977361857891083,182.0
c29600db-f267-4375-bdc8-a41b0d602c6c,JS,56,,MISC,0.9947975873947144,58.0
c29600db-f267-4375-bdc8-a41b0d602c6c,JAVA,60,,MISC,0.9947975873947144,64.0
c29600db-f267-4375-bdc8-a41b0d602c6c,Nodejs,69,,MISC,0.9998195767402649,75.0
9d0af5e8-0461-4462-be07-e2552528cbad,Nice,0,,ORG,0.9999711513519287,4.0
6b259a7d-9f90-4f6b-810c-8155936cd42a,English,80,,MISC,0.9999957084655762,87.0
c7a0f9f5-a86b-4049-bc7e-21642f266104,Playstore,82,,ORG,0.6812170147895813,91.0
9ecdbcb5-e814-45f2-ae1b-e40370f98adb,PythonX,87,,MISC,0.999404788017273,94.0
8e63568a-598a-46a4-9e50-c9f4a46828e8,Python,49,,MISC,0.9999762773513794,55.0
d95aa578-534b-4165-be1a-10c276157321,Python,13,,MISC,0.9999368190765381,19.0
ffc14db8-3c88-4daf-a89b-e45219ab33bc,Hello World,128,,MISC,0.9999762773513794,139.0
ffc14db8-3c88-4daf-a89b-e45219ab33bc,Comments,144,,MISC,0.9998812675476074,152.0
5a0ce7a7-dc4f-4d31-a719-82c0d144bcd3,Python,28,,MISC,0.9999918937683105,34.0
af755e28-6b7e-4c06-bdae-ef547780d5cb,Nice,0,,ORG,0.9999711513519287,4.0
828e8dfb-d3a0-4505-b6c4-519e8d09c917,Duolingo,32,,MISC,0.9663830399513245,40.0
828e8dfb-d3a0-4505-b6c4-519e8d09c917,Python,146,,MISC,0.9999780654907227,152.0
324fdd0a-67c9-46e7-bc14-211e0e431b17,Davest,0,,ORG,0.9999889135360718,6.0
0e9d39d1-7df0-4d99-8c3a-719f7334efd7,Nice,0,,ORG,0.9999711513519287,4.0
67f268e6-8dd5-429b-917b-ed9390b43cd7,Nyc,0,,LOC,0.999957799911499,3.0
4e433e71-ed5a-4ad4-a796-038e07122bd7,Python,64,,MISC,0.9918910264968872,70.0
39c2f113-6566-432b-b2e3-0424e4618cd9,Python,116,,MISC,0.9999892711639404,122.0
3248b928-18e9-4bef-b761-47e1e41fe9d4,Nice,0,,ORG,0.9999711513519287,4.0
301dde05-8ec8-4921-ad58-17e2f65f3371,Nice,0,,ORG,0.9999711513519287,4.0
c9ceb8be-a096-4db5-b679-ef40abb591c7,Python,43,,MISC,0.9999814033508301,49.0
e2b08acd-28fe-4f3b-ae79-b5b512c74e8b,Python,85,,MISC,0.9999544620513916,91.0
5669dc1e-368e-4cea-b686-face88ca9014,Baddd,0,,ORG,0.7908706068992615,5.0
27826378-8b5a-44e2-b100-3402037d941b,Python,29,,MISC,0.9999499320983887,35.0
4ec3c04e-323d-4288-8e0a-a187db181a5a,NICE,0,,ORG,0.9999456405639648,4.0
ad1d42ad-9d68-42b8-846c-8642d0481dc0,Nice,0,,ORG,0.9999711513519287,4.0
6266c404-0715-4f6e-a768-9bad3e69bec9,Python,77,,MISC,0.9999139308929443,83.0
bf4e3de1-772c-44ee-9c3a-b2a25a3d2eb0,English,78,,MISC,0.9999954700469971,85.0
78d5858e-06d9-4da5-8df7-e39b5c558287,Python,130,,MISC,0.9999845027923584,136.0
99b9e253-b082-49ff-b384-ab961ebe0cac,LinedIn,106,,ORG,0.7971125245094299,113.0
9797ded1-c1bf-43ad-9eb9-253cd34d12f0,Python,41,,MISC,0.9999692440032959,47.0
e46fec8f-d7c2-4e65-bd79-f57a4aaeeb03,Python,24,,MISC,0.9995457530021667,30.0
02acaff7-6c48-4a7a-8889-1889f172c63e,Learn Python,46,,MISC,0.9999613761901855,58.0
d70df8e8-17bd-4015-b59e-e996169cba15,Python,18,,MISC,0.9999659061431885,24.0
2fda34be-72a5-4dea-bdf9-fc33c42dfc1d,Python,21,,MISC,0.9999480247497559,27.0
5e1caac9-4ff1-4415-a588-d05adbacf6b6,Pro,33,,MISC,0.9992430210113525,36.0
67a6bc40-af38-4559-91a9-b06f5eefe3a0,Udacity,31,,ORG,0.9999176263809204,38.0
ef6ff8ec-6fcf-44e2-bd75-b4539078bc85,Nice,0,,ORG,0.9999711513519287,4.0
72393199-bd33-41d1-9d54-9d07a7b36073,Nice,0,,ORG,0.9999711513519287,4.0
b04c47a4-ff79-413b-bc30-3debba20b865,Nice,0,,ORG,0.9999711513519287,4.0
6d1cdba7-9f01-4ad4-8bb1-443ef2fa42f7,Osm,0,,ORG,0.9999774694442749,3.0
86df793e-54cb-4dd5-9e4d-5bab4eb4a116,Nicee,0,,ORG,0.9999830722808838,5.0
db2c5826-7440-4ceb-add1-35cf10664585,Python,107,,MISC,0.9999889135360718,113.0
94a12ecb-9158-4eae-b2cd-7f22d0c7c2e6,Nice,0,,ORG,0.9999711513519287,4.0
eb5989b0-2cac-4ff4-84f6-11549468803a,Python,25,,MISC,0.999990701675415,31.0
d1e72c6c-3d31-49b1-9757-882bddfb8049,Python,31,,MISC,0.9999721050262451,37.0
2fbe1f33-3e84-42fb-83a9-c22d62e69d1f,Python,18,,MISC,0.9999775886535645,24.0
4a399532-5d0d-40f1-a080-340740d146e1,Python,95,,MISC,0.9999822378158569,101.0
d5171f35-9d65-48af-9bbf-34eb3eb4e296,Python X,123,,ORG,0.9999517202377319,131.0
fe54f2a1-2c89-47ea-b055-f30c5ff58148,"Urdu,philliphines,japanese,and",90,,MISC,0.9999892711639404,120.0
0f1e7663-b57d-46b8-8226-f417cb5f5732,Python,65,,MISC,0.9999792575836182,71.0
0f1e7663-b57d-46b8-8226-f417cb5f5732,Python,118,,MISC,0.9999688863754272,124.0
0f1e7663-b57d-46b8-8226-f417cb5f5732,Hello World Dude,163,,MISC,0.9998530745506287,179.0
bcd1964f-bc1b-4d75-bbc1-b3e170ff424c,Monty python,20,,MISC,0.9998644888401031,32.0
9343d626-8b64-413f-b0f8-8fc1e53ff503,Python,63,,MISC,0.9999685287475586,69.0
9343d626-8b64-413f-b0f8-8fc1e53ff503,Python,189,,MISC,0.9999432563781738,195.0
f20558df-b7be-48af-ba39-2fde4f091872,Play Store,83,,MISC,0.7426404356956482,93.0
729a0f5d-a054-4b18-b0f1-77572c1f7792,Python,31,,MISC,0.9999315738677979,37.0
2c8c5e9d-5799-4dca-aca9-9e6e2b7c16c0,Learn Python,205,,MISC,0.9999727010726929,217.0
946b8bf6-58c2-42b9-970b-ef411ad3cfd8,Nice,0,,ORG,0.9999711513519287,4.0
c94c78d4-e568-4278-88fb-a557a1acb217,Python,24,,MISC,0.9999765157699585,30.0
718d6aa2-449f-48d3-a051-170e4a4d831b,Android,8,,MISC,0.9999837875366211,15.0
718d6aa2-449f-48d3-a051-170e4a4d831b,iphone.my,54,,MISC,0.7628749012947083,63.0
718d6aa2-449f-48d3-a051-170e4a4d831b,ios,133,,MISC,0.9047586917877197,136.0
63df2fa5-18d1-4e79-b0ef-0d4862a05c5a,Windows PC,14,,MISC,0.8802923858165741,24.0
a8076ec5-ad03-4fe9-936f-92263a7b23b6,Nice,0,,ORG,0.9999711513519287,4.0
1a8527e6-88ff-4b38-821e-1ecf1992f3c2,google,68,,ORG,0.9980977177619934,74.0
42ee63de-ae9e-44f1-aeae-42bb9add5a9a,Nice,0,,ORG,0.9999711513519287,4.0
46f4a9c9-b15a-42a9-b060-7a81290c6716,Nice,0,,ORG,0.9999711513519287,4.0
2badd049-4c02-42a9-9300-5ece190ef963,Yours Truly,14,,PER,0.9999674558639526,25.0
2badd049-4c02-42a9-9300-5ece190ef963,C,63,,MISC,0.9974615573883057,64.0
a1ddc849-d755-461b-87fd-957cce7f20ad,PCEP,198,,MISC,0.999951958656311,202.0
670c2074-f676-4f75-9201-9d6e8ae52cc7,Normal English,94,,MISC,0.9888907968997955,108.0
dbf57e3c-ffc6-4c25-8f45-3f9128113a8e,Python,21,,MISC,0.99998939037323,27.0
efb03fea-adfc-4e35-b464-12572a26cf5b,VB6,151,,MISC,0.9881041646003723,154.0
3bb7012a-2b7b-4373-a07e-f6bd5bcfc2c1,Nice,0,,ORG,0.9999711513519287,4.0
4d00a6e1-d104-469a-b745-2cc0fb2e0734,DSA,98,,MISC,0.9998881816864014,101.0
4d00a6e1-d104-469a-b745-2cc0fb2e0734,C,104,,MISC,0.735316276550293,105.0
3558a649-bd3f-4cb3-bb0a-cfc2f4fe3452,Nice,0,,ORG,0.9999711513519287,4.0
8d18e0a7-7107-4f30-b4aa-657d748ef55f,EasyJet,0,,ORG,0.9999879598617554,7.0
961fde2c-a587-41c8-a63f-4a9c0de40ac4,Python,22,,MISC,0.9999357461929321,28.0
961fde2c-a587-41c8-a63f-4a9c0de40ac4,UK,89,,LOC,0.9999979734420776,91.0
54bac12f-86c9-4863-a08f-064d3ab73428,Spanish,10,,MISC,0.9999958276748657,17.0
78f1b40e-d90d-40a1-b67b-21d95a79554e,Google,48,,ORG,0.9993162155151367,54.0
d05c9e9f-82e3-4f6a-be3b-b35cd4aea449,Nice,0,,ORG,0.9999711513519287,4.0
cf7fa8ba-1c91-48aa-b35f-45881a380636,Nice,0,,ORG,0.9999711513519287,4.0
9af4c750-5db0-4ce4-a294-e3c7070da1fc,Python,14,,MISC,0.999966025352478,20.0
989c0a1e-c2fa-4cf7-a0f9-9bf01f1deec4,Python,27,,MISC,0.9999831914901733,33.0
f0bda85d-f0d9-4441-8a0f-2c5a78dcca26,Nice,0,,ORG,0.9999711513519287,4.0
a9cdda46-c6ff-42c9-91a1-b15f43224aee,Nice,0,,ORG,0.9999711513519287,4.0
99d0c420-0ebe-43f6-8c9e-31fc6d1332b7,Nitin,354,,PER,0.5804611444473267,359.0
a837a1d4-68fc-404b-8697-9cb1f8969e36,Guido Van Rossum,58,,PER,0.9999509652455648,74.0
a837a1d4-68fc-404b-8697-9cb1f8969e36,English,104,,MISC,0.9999958276748657,111.0
a02e4524-41b6-4a24-b102-ca312d352762,Africa,106,,LOC,0.999639630317688,112.0
66d7da2a-a878-4d57-91e2-5a6e1b43a2f6,Python,25,,MISC,0.99994957447052,31.0
04f15765-2ae8-4e01-b136-94996d9d749d,Pro,34,,MISC,0.9870073199272156,37.0
04f15765-2ae8-4e01-b136-94996d9d749d,Pro,131,,MISC,0.9852376580238342,134.0
04f15765-2ae8-4e01-b136-94996d9d749d,Pro,263,,MISC,0.9936866164207458,266.0
04f15765-2ae8-4e01-b136-94996d9d749d,Pro,398,,MISC,0.9963240623474121,401.0
a673081a-3806-4e48-ba5d-a29689911e0a,Nice,0,,ORG,0.9999711513519287,4.0
f713c61a-0deb-4b2b-b7dd-94da586229e2,Bes,0,,ORG,0.9999479055404663,3.0
7b2e7eb5-d58a-4099-ba0b-92c854614f9a,Python,14,,MISC,0.9998000264167786,20.0
cd761b17-1368-4820-a1fd-085078ba8d11,Python,27,,MISC,0.9999561309814453,33.0
aac23cf6-3fd3-466d-be12-5fbcc977e05a,Nyc,0,,LOC,0.999957799911499,3.0
0e565dfd-4ee8-4791-b52e-672262712a9e,Python,46,,MISC,0.9998942613601685,52.0
f18e2a9c-b588-4a6a-bba2-acd43e0fd26e,YouTube,154,,MISC,0.9058803915977478,161.0
65ed7ad8-3c5b-4ed6-8fea-ffb1264facb3,Python,32,,MISC,0.9999771118164062,38.0
12499747-fac2-4ff4-a9c8-43d29d9205fa,PYTHON X,124,,MISC,0.999954104423523,132.0
1414bc8d-ab8e-4d59-93b3-5ebfb1c81a2d,Key-Values Pairs,40,,MISC,0.9464990198612213,56.0
5234d6cd-f507-4b66-a18e-7134d6e13a69,Vool,0,,ORG,0.9999287128448486,4.0
13aa6b0e-4b32-416f-9fa8-9f49790305cb,Python,198,,MISC,0.9999349117279053,204.0
4b1ffcbc-0c4b-474f-b5c4-4efc69e376e8,Nice,0,,ORG,0.9999711513519287,4.0
37d81a78-9f45-4eb9-9fac-9a28aad64197,Nice,0,,ORG,0.9999711513519287,4.0
fc7815a7-475c-43b9-8837-e076f1f3d667,Python,103,,MISC,0.9999885559082031,109.0
970038e3-f7d0-4fb3-b46c-630d59794319,Python,35,,MISC,0.9990400671958923,41.0
bcee16cd-78f6-4282-b978-600988754be6,ComSci,156,,ORG,0.9983276724815369,162.0
f5969fe2-8e24-4f8d-aaf5-c19eaa5fd603,Python,29,,MISC,0.9999861717224121,35.0
385a8e68-3d49-4e2a-99eb-02966c0de315,Galaxy s21,424,,MISC,0.9997076094150543,434.0
c5e1ad6e-db0a-42b0-933c-1d831c17e957,on,48,,MISC,0.6177206635475159,50.0
cdf0f6ec-b7df-4e5d-a427-9249fd50dc0a,python 3,83,,MISC,0.9990711212158203,91.0
6edbef9b-d1ec-4064-ab71-cb7140a9dd77,Python,42,,MISC,0.9999327659606934,48.0
6edbef9b-d1ec-4064-ab71-cb7140a9dd77,God,130,,PER,0.9999887943267822,133.0
38600346-6d3e-4a7f-b931-2ac8d0649964,Nice,0,,ORG,0.9999711513519287,4.0
f17903a3-cbb5-49a6-8b81-f05a23ba8a10,Python,40,,MISC,0.9999784231185913,46.0
73620d59-23c8-42f6-8bdc-97f3c3f77ab9,HSG,80,,ORG,0.9998596906661987,83.0
e292ca3f-5184-4a58-81b0-baf646de8686,NICE,0,,ORG,0.9979524612426758,4.0
02be0c6d-5611-4edb-be3c-8959884a4888,PYTHON,9,,MISC,0.9998028874397278,15.0
c8772b3b-7c39-4700-ac73-5d24ce68d73c,Python,23,,MISC,0.999983549118042,29.0
c8772b3b-7c39-4700-ac73-5d24ce68d73c,Galaxy,103,,MISC,0.9963124394416809,109.0
44296874-8eb1-499a-b203-bbadcc6a86fc,Python,39,,MISC,0.9999587535858154,45.0
03615725-a3f5-4fae-8ab9-4a67b8808471,Python Language,27,,MISC,0.9861761927604675,42.0
bf86f2a9-7f31-452e-a3ca-425508b51792,Nice,0,,ORG,0.9999711513519287,4.0
647f1107-0e5c-445c-bd9e-fb717aa68018,Nice,0,,ORG,0.9999711513519287,4.0
20fe9c70-7c76-43cf-b9a3-d10839f9b13c,Nice,0,,ORG,0.9999711513519287,4.0
03c74f44-b6d8-4d4a-aa3d-54e473dd5445,Python,18,,MISC,0.9999502897262573,24.0
2b099fa0-0495-4092-9092-325a201598e4,Python,8,,MISC,0.9997583031654358,14.0
c3343dfa-272c-4bb4-935c-2fc974ac126a,Nise,0,,ORG,0.9999934434890747,4.0
899cbe0e-c583-478c-b7d6-27a38c539c95,Nice,0,,ORG,0.9999711513519287,4.0
3ee231eb-40f7-41e5-b613-6b94d51c3d15,Python,291,,MISC,0.9999808073043823,297.0
6acce4b3-099f-452f-a74c-76425f518c2a,Gud,0,,PER,0.9999622106552124,3.0
0deb02d2-8b7e-4da3-9619-895f539fc643,Python,29,,MISC,0.9999836683273315,35.0
a48f1d25-1652-4496-8f0e-4adf74cfe911,Python 3,31,,MISC,0.7661651968955994,39.0
a48f1d25-1652-4496-8f0e-4adf74cfe911,Python,93,,MISC,0.999970555305481,99.0
c3a8ecb3-c0f4-4477-a98a-23e96582f054,Python,36,,MISC,0.9999853372573853,42.0
bd4cecb2-1882-4a0f-9815-e0f0de8b8b3f,CODINGX,136,,ORG,0.9997219443321228,143.0
d7658298-d8f3-4085-bb97-cf820f2e4848,Python,150,,MISC,0.9999865293502808,156.0
e389fcf5-77ee-43ef-8a0f-bf4b80f7da17,Forec,151,,ORG,0.9998250603675842,156.0
3f413b05-cfae-4c70-8c6c-e778f6f3fc4b,Wikipedia,336,,MISC,0.9989796280860901,345.0
a59dad54-f9b1-40ce-b747-50f778ca31cf,Python,55,,MISC,0.9998916387557983,61.0
a59dad54-f9b1-40ce-b747-50f778ca31cf,MySQL,88,,MISC,0.9998898506164551,93.0
a59dad54-f9b1-40ce-b747-50f778ca31cf,LinkedIn,182,,ORG,0.9996684789657593,190.0
a59dad54-f9b1-40ce-b747-50f778ca31cf,LinkedIn,253,,ORG,0.9994707703590393,261.0
a59dad54-f9b1-40ce-b747-50f778ca31cf,Google Development Launchpad,413,,ORG,0.9999727010726929,441.0
5d29cecc-d447-464d-a85b-8d736dc9f33d,East,0,,LOC,0.5109909176826477,4.0
f592df54-19f9-440d-9f98-6c1f2c4d0628,Google Play,235,,MISC,0.8666320443153381,246.0
f592df54-19f9-440d-9f98-6c1f2c4d0628,Gplay,285,,ORG,0.7519263625144958,290.0
bca5cb13-95eb-4858-b0da-9aa81d6665ca,Python,140,,MISC,0.9999675750732422,146.0
bca5cb13-95eb-4858-b0da-9aa81d6665ca,XCON GENO ON YT,166,,MISC,0.9570711553096771,181.0
8add95c8-35a9-42fd-ade1-1d21e2f4ed29,Gud,0,,PER,0.9984709620475769,3.0
51f782d5-82b3-4d93-95c6-afdd883fa669,Python,48,,MISC,0.9999673366546631,54.0
d673b53f-7146-4e57-bf15-140cc367c84f,Nice,0,,ORG,0.9999711513519287,4.0
c4795736-4d96-4c1c-b0c4-a5da767d7c13,Python-X,3,,MISC,0.9999366998672485,11.0
74d9762c-035d-4c52-906e-c5ebb5f66c09,Ausumn,0,,ORG,0.9999611377716064,6.0
b5017f77-2645-45e5-b8e6-0430b709a5d4,Mimo,12,,PER,0.9999531507492065,16.0
19be5cb5-6349-4d78-8b51-00de7659ea43,YouTube,238,,MISC,0.6704128980636597,245.0
da35d74a-62fe-42d4-b870-39e65dc4eb0e,It,22,,MISC,0.9999023675918579,24.0
da35d74a-62fe-42d4-b870-39e65dc4eb0e,Javascript,122,,MISC,0.9997438788414001,132.0
dc27d4b0-05f7-480f-9842-bf67cd8cee79,Learn Python,156,,MISC,0.9992636144161224,168.0
5c006b06-714a-4a43-bee9-6cb026f79fc6,Nice,0,,ORG,0.9999711513519287,4.0
05dabd45-de30-4929-9be8-86b7b2ab4edd,Python,53,,MISC,0.99994957447052,59.0
3263501e-daba-4804-a72e-0c8043e332e3,Learn Python,0,,MISC,0.9998798370361328,12.0
3263501e-daba-4804-a72e-0c8043e332e3,Duolingo,32,,MISC,0.9979185461997986,40.0
64764e35-3213-4e0a-8f4a-036290c9df68,Python,59,,MISC,0.9999650716781616,65.0
179a3810-8aa8-4a9f-9dc4-ad66321455b5,Serbian Latin,48,,MISC,0.9996058940887451,61.0
179a3810-8aa8-4a9f-9dc4-ad66321455b5,Stojanovi,106,,PER,0.9989138841629028,115.0
227b7137-67bf-4892-a77b-3b6fc2115a1b,Python,52,,MISC,0.9999634027481079,58.0
227b7137-67bf-4892-a77b-3b6fc2115a1b,Python,100,,MISC,0.9999608993530273,106.0
f84f6b6f-49cf-4777-96a5-e00b5592c3c7,Python,148,,MISC,0.9999473094940186,154.0
c07e167f-e5e7-4fee-97b4-b923cb5391f2,Nice,0,,ORG,0.9999711513519287,4.0
4f0198be-1241-4b28-809f-7f3efbc4fd3d,Esay,0,,PER,0.9999886751174927,4.0
c0e471be-47b3-47a4-8665-07ae61aafbf8,Python,0,,MISC,0.999944806098938,6.0
c0e471be-47b3-47a4-8665-07ae61aafbf8,Python,45,,MISC,0.9999791383743286,51.0
7040050a-6682-4140-b270-553e2469b7f5,Learn Python,0,,MISC,0.9998178780078888,12.0
7040050a-6682-4140-b270-553e2469b7f5,Python,39,,MISC,0.9999881982803345,45.0
6a936e3b-219d-49b8-9bc3-5fb48c6de910,Python,133,,MISC,0.9999674558639526,139.0
6a936e3b-219d-49b8-9bc3-5fb48c6de910,Logical Operators,162,,MISC,0.9999345541000366,179.0
725cd184-9506-49f7-abf7-55a101c58209,Python,30,,MISC,0.9999655485153198,36.0
725cd184-9506-49f7-abf7-55a101c58209,PythonX,46,,ORG,0.8056943416595459,53.0
88ebc495-e589-48d3-b0b8-22ca25ec6717,Nice,0,,ORG,0.9999711513519287,4.0
3c9f6736-d898-4215-860d-a537b737a611,Pro,186,,MISC,0.9994876384735107,189.0
231c47ce-9ffc-403d-8deb-86d05933aebf,Python,82,,MISC,0.9999750852584839,88.0
cf95a2ed-b5f4-4dd8-9503-268f59f1e458,Sunkist,22,,ORG,0.9655961394309998,29.0
87ea0b54-ad10-45ab-9169-c1153abdb615,Python,35,,MISC,0.999957799911499,41.0
9776ccad-9c45-4a0a-b76c-7792c568f387,Ethical Hacking,34,,MISC,0.9999403357505798,49.0
9776ccad-9c45-4a0a-b76c-7792c568f387,Python Learning,54,,MISC,0.999908983707428,69.0
ba98dd9a-8ffb-4244-ad82-9b6a11931a17,Python,59,,MISC,0.9998522996902466,65.0
11284546-f2e2-454f-8ec3-c14e4ca10064,Python,303,,MISC,0.9999805688858032,309.0
11284546-f2e2-454f-8ec3-c14e4ca10064,Pydroid 3,367,,MISC,0.9996283054351807,376.0
290c718b-d2b8-4288-b1d3-c85bb2597866,Bravo Learning App,0,,MISC,0.9886173009872437,18.0
a119c940-47c3-46fb-b472-f39e7c22aee2,Benjamin Pienknagura,0,,PER,0.9999973177909851,20.0
6ac6d725-cc0c-4303-9272-c039a259305b,Python,19,,MISC,0.9999730587005615,25.0
0cc2c93f-6ea8-4f8d-8f54-109b46a257cc,Udemy,18,,ORG,0.999461829662323,23.0
dd2cc297-2871-4e16-9d2b-0cb36d4ccb7d,Python3,129,,MISC,0.9999548196792603,136.0
7fc09959-4a5e-4e19-a367-a5b88de719c9,Python,93,,MISC,0.9999866485595703,99.0
f4c12fb6-4d0d-4830-b523-50a959608444,Osm,0,,ORG,0.9999774694442749,3.0
ce7fbd61-5dcd-4caf-b344-96a979f20893,Python,33,,MISC,0.9999756813049316,39.0
1ee17ae5-a145-4803-a013-aa573b49683f,Nice,0,,ORG,0.9999711513519287,4.0
03c610c9-5269-4698-8540-dcf3ef3b76ba,Python,42,,MISC,0.9999816417694092,48.0
03c610c9-5269-4698-8540-dcf3ef3b76ba,Python,101,,MISC,0.9999812841415405,107.0
ab4a44e7-2013-4b99-9080-f50b3b637fb5,Python,37,,MISC,0.9999752044677734,43.0
185a9849-2d1b-49ba-b81e-e1876c20d311,Africa,75,,LOC,0.9999971389770508,81.0
be0556de-ca40-44cf-a586-0d4522837687,Python,15,,MISC,0.9998961687088013,21.0
a4940f10-4021-4b03-ac9c-2fdad2372ce9,Python-THE,21,,MISC,0.9999761581420898,31.0
a4940f10-4021-4b03-ac9c-2fdad2372ce9,LEARNING PYTHON,32,,MISC,0.9997020959854126,47.0
a4940f10-4021-4b03-ac9c-2fdad2372ce9,LEARNING PYTHON,251,,MISC,0.9997730255126953,266.0
a4940f10-4021-4b03-ac9c-2fdad2372ce9,LearningPython,457,,MISC,0.98544842004776,471.0
a4940f10-4021-4b03-ac9c-2fdad2372ce9,Python,486,,MISC,0.9998669624328613,492.0
32000935-acea-4013-af59-b9d9b340b357,Python,43,,MISC,0.999988317489624,49.0
d6b7e952-f170-4eb8-8276-0f0e64655a95,Python,45,,MISC,0.9999426603317261,51.0
290b38c2-c50c-4ae3-9348-5f251165dbfb,ingl√©s,62,,MISC,0.6943015456199646,68.0
5ffe7066-2cda-406c-8e26-50e673f67883,Python,34,,MISC,0.9999874830245972,40.0
360c7b74-b0ce-4bfb-8466-ad54639966fd,Python,52,,MISC,0.9999769926071167,58.0
af1039f2-8ff7-4976-9b0a-a4d9f1dea3f8,Duo Lingo,11,,MISC,0.9997845590114594,20.0
af1039f2-8ff7-4976-9b0a-a4d9f1dea3f8,Python,29,,MISC,0.9998992681503296,35.0
ebe5b586-dcd9-4219-b118-c6aef4f1c9a5,Linux,28,,MISC,0.9999717473983765,33.0
f21b1008-c861-4003-892d-9dd3d83ccced,I.T.,10,,ORG,0.8170438408851624,14.0
a0427814-b4bc-4f02-8f63-c4cc1af32345,Python,18,,MISC,0.9999788999557495,24.0
7b87b6ae-012e-497d-b37f-312993dc3902,Python,35,,MISC,0.999982476234436,41.0
7b87b6ae-012e-497d-b37f-312993dc3902,Udemy,54,,ORG,0.9999792575836182,59.0
5c882587-4408-4607-bbf1-63c7d4396165,Python,18,,MISC,0.9999841451644897,24.0
2ba1ada2-bc4d-4a06-a2f7-d9aee072013c,CMD,85,,MISC,0.8430903553962708,88.0
dfa14d35-975b-484b-862d-60e639ebd532,Nice,0,,ORG,0.9999711513519287,4.0
afb4f083-4487-4fa6-bb35-af5c48ed75d2,Python,30,,MISC,0.9999796152114868,36.0
8ba011f2-2fd9-4d6e-9f26-e86e74187cb4,Python,48,,ORG,0.9974943399429321,54.0
17421d5e-eb7d-4c2b-9f5d-6347507b2759,Nice,0,,ORG,0.9999711513519287,4.0
e0ea65a6-08e4-43ea-aa62-19af9d1333b0,Tab S7,301,,MISC,0.999891996383667,307.0
c68c0698-e2cf-4888-8c5f-c730846b829f,Python,48,,MISC,0.9995162487030029,54.0
f9faaff1-5eb0-47c9-a5c0-882a99480624,Python,29,,MISC,0.9999101161956787,35.0
1f224f3b-10ff-48a9-9ea5-488b7f1282cf,galaxy note,206,,MISC,0.9214583337306976,217.0
89d3e9f3-1d2a-4a91-8333-cd7239ffc36e,Python,21,,MISC,0.9999839067459106,27.0
3d5fcf8a-40c4-4626-a97e-f1c923f86b6e,The shiznit,0,,ORG,0.9999865293502808,11.0
104e815f-7e74-4600-8a4b-ebf3dc486d35,Barcardi,0,,ORG,0.589182436466217,8.0
104e815f-7e74-4600-8a4b-ebf3dc486d35,Cola,13,,ORG,0.6682180762290955,17.0
a845b492-e784-46fc-b099-375c4d3fd1a9,Python,22,,MISC,0.9170908331871033,28.0
bc64c7b6-cf2f-4384-bae2-48ac4d76ea99,Learn Python,0,,MISC,0.9999297261238098,12.0
bc6a35ea-da60-495f-accf-e81f11ca1f69,English,66,,MISC,0.999995231628418,73.0
9783e0e9-2d15-475e-a485-0d2e2f7f6101,Python,199,,MISC,0.999029278755188,205.0
7ce88b10-3cb4-4aea-b655-6e7a4d0534cd,Python,113,,MISC,0.9999874830245972,119.0
dbf69e16-ecce-4e94-8f81-d0569715aafe,wozenterprise,131,,ORG,0.6861312985420227,144.0
16ec8ce1-6af5-45de-9499-8b5db0ecff99,Blockchain,44,,MISC,0.9989526271820068,54.0
16ec8ce1-6af5-45de-9499-8b5db0ecff99,Blockchain,81,,MISC,0.9982982277870178,91.0
16ec8ce1-6af5-45de-9499-8b5db0ecff99,Python,120,,MISC,0.9998311996459961,126.0
16ec8ce1-6af5-45de-9499-8b5db0ecff99,Python,140,,MISC,0.9998102784156799,146.0
16ec8ce1-6af5-45de-9499-8b5db0ecff99,Mosh,213,,PER,0.9997497200965881,217.0
16ec8ce1-6af5-45de-9499-8b5db0ecff99,Python,237,,MISC,0.9999074935913086,243.0
7a3a634d-a9b6-4e8e-b1c0-42d9dfa8f77d,Python,57,,MISC,0.9999620914459229,63.0
c8494885-0f44-4bff-91cf-c905e78864d3,Serpent,43,,PER,0.8168683648109436,50.0
c8494885-0f44-4bff-91cf-c905e78864d3,God,62,,PER,0.9999774694442749,65.0
04904a51-1109-4de2-858a-582409d3934d,Python,37,,MISC,0.9999910593032837,43.0
1dfa7d60-fc6f-410d-9511-b50fce347fea,Python,22,,MISC,0.9999784231185913,28.0
7981913e-7cb1-47dd-8c19-7b295335e697,Nice,0,,ORG,0.9999711513519287,4.0
aaa4e10f-acb5-4587-9ba7-c3feb3621d8f,Python,16,,MISC,0.9998188614845276,22.0
ec84a98e-de11-4e02-9895-a8dfad290781,Python,55,,MISC,0.999701201915741,61.0
ec84a98e-de11-4e02-9895-a8dfad290781,Learn Python,68,,MISC,0.9999635815620422,80.0
75547ddc-c4c5-4903-b0c3-314194516ed7,BIGGINAR,29,,PER,0.975904107093811,37.0
f54a4d8a-be8f-4278-bfa0-5f40da710d4b,Learn Python,221,,MISC,0.9999394416809082,233.0
48caeadd-d08a-4c3f-a544-bdd38391fa2b,Google,210,,ORG,0.9999823570251465,216.0
48caeadd-d08a-4c3f-a544-bdd38391fa2b,Google,325,,ORG,0.9999876022338867,331.0
48caeadd-d08a-4c3f-a544-bdd38391fa2b,Google,431,,ORG,0.9999920129776001,437.0
6c619852-a3d6-4810-a573-c6a1d798ded0,Operation on Number,120,,MISC,0.9963262478510538,139.0
41c2df5c-af6a-4ea8-9cc2-3e945fc8c767,BEARY,0,,PER,0.9999717473983765,5.0
41c2df5c-af6a-4ea8-9cc2-3e945fc8c767,BILLY,11,,PER,0.9239096641540527,16.0
279ffdfc-0a1f-46ac-ad69-8cd17789c8d5,Pro,34,,MISC,0.9997894167900085,37.0
87a25cd9-9761-42c5-a4c7-db8d5accd917,Nice,0,,ORG,0.9999711513519287,4.0
cf16c147-456e-44cd-881c-d7dfe7109390,Bible,184,,MISC,0.9970874190330505,189.0
b93dc7ed-057b-444a-bc80-aed706c18210,iPad,81,,MISC,0.9893746376037598,85.0
b93dc7ed-057b-444a-bc80-aed706c18210,iPad,324,,MISC,0.9527381658554077,328.0
b93dc7ed-057b-444a-bc80-aed706c18210,iPad,435,,MISC,0.9754358530044556,439.0
62427ef4-2aea-47c0-9034-3c25244665c0,Python,26,,MISC,0.9999765157699585,32.0
b887ae43-3d58-42fd-a3fd-5a1bfd38721e,Python,68,,MISC,0.9999797344207764,74.0
f4df1f24-49a3-43ae-b414-d7fabcd1527f,Java,49,,MISC,0.9999806880950928,53.0
72a5891e-5f8e-452e-8ce2-2e64e6c9176a,Python,241,,MISC,0.999976634979248,247.0
0df3146d-47d1-496f-bac8-c3504997da6f,Python,15,,MISC,0.9998175501823425,21.0
17cb8b2c-f5e8-40c9-be6d-38e826a7331b,Python,0,,MISC,0.9999576807022095,6.0
b1d6b568-39e6-4a45-b98b-e4dcd537370c,Python,5,,MISC,0.9999434947967529,11.0
0b432e70-2be3-4329-9825-0937a22c6cdc,Python,19,,MISC,0.9999839067459106,25.0
648a3abf-c828-4c2b-a8fe-d65f0138d1da,Python,14,,MISC,0.9999582767486572,20.0
022ed05c-1959-4d7e-88be-2466d468a2b1,Noice,0,,ORG,0.9995904564857483,5.0
5a478543-d42b-4c53-98ad-dcdb07ef60ec,Python,176,,MISC,0.9991061091423035,182.0
2782d712-7d65-4b29-9a99-50bfc8231fe8,Python,8,,MISC,0.9999821186065674,14.0
de986b84-3887-4be8-bc81-c0fa98fd1990,Python,88,,MISC,0.9999264478683472,94.0
1e507f36-5bc8-43b6-a61c-de1dc92738bd,Nice,0,,ORG,0.9999711513519287,4.0
b678debd-9483-4485-bcf9-1e8d1e97c1a9,Python,19,,MISC,0.9999769926071167,25.0
a8b55d07-30df-4ae0-b80b-1cdc68ef4633,HAR HAR MAHADEV,12,,PER,0.9998911619186401,27.0
81d5a2f7-c028-43c4-8f8d-a88963ba28c1,Python,32,,MISC,0.9999613761901855,38.0
8df87806-e504-4231-a2c5-827338e8a700,PYTHON Made Simple,3,,MISC,0.9998541871706644,21.0
93713a73-5f2b-408f-aff0-a8f28594d245,Nice,0,,ORG,0.9999711513519287,4.0
a365ed02-f793-44cb-9e2e-d8a2e6cbd86b,Python,0,,MISC,0.999040424823761,6.0
4a922960-b9dd-484a-967d-8106cda5502d,Python,53,,MISC,0.9999535083770752,59.0
57d828ca-c021-4bf7-b448-609f33700be0,Python,42,,MISC,0.9995735287666321,48.0
57d828ca-c021-4bf7-b448-609f33700be0,Python X App,71,,MISC,0.9999289909998575,83.0
31ff1ee0-c02c-47d2-9b99-d2f5311f3a75,Python,58,,MISC,0.9999781847000122,64.0
873542b5-9d53-4f55-921e-a1fb3a1d9e80,Goos,0,,MISC,0.9935500621795654,4.0
0d9a9602-5f7e-4ee4-848e-e8500fa989e4,PYTHON X,139,,MISC,0.998222142457962,147.0
0d9a9602-5f7e-4ee4-848e-e8500fa989e4,Learn Python Programming,152,,MISC,0.9991731643676758,176.0
cf77467f-23c1-4206-bea1-bcc7d2c624ff,Nice,0,,ORG,0.9999711513519287,4.0
500d1dab-3fa4-4f29-8e03-99acf60ea1a2,Python,38,,MISC,0.9999892711639404,44.0
4dc8b795-08b1-46f2-b467-ab757a0da986,Nyc,0,,LOC,0.999957799911499,3.0
38af9ffb-c5a3-4f2c-8d88-81457500d987,pythonx,69,,PER,0.9615930318832397,76.0
66af2c04-5d79-4dea-bb0c-58ed99b2efc6,Python,22,,MISC,0.9999721050262451,28.0
bb65b4b3-3228-4aeb-a3ec-65e94b436bf0,Poggers,0,,PER,0.9999158382415771,7.0
b22922d3-26d7-413a-9c91-f10ae8f8ebf5,Python,174,,MISC,0.9999856948852539,180.0
dcf606f7-0b9b-4fb0-a546-e43361cc18fc,Bangladesh,130,,LOC,0.9999967813491821,140.0
bf55d17d-d237-4d00-8e21-5ae5ee1b696d,Learn Python.,182,,MISC,0.9970880746841431,195.0
c5c37876-c002-4473-a1ba-6b1550fbd56d,Aursom,0,,PER,0.9999663829803467,6.0
9552dc19-64a1-47a8-a8eb-3dc405112ac8,PythonX,41,,MISC,0.9995842576026917,48.0
149c7f76-7e37-40ad-a05d-11e5b94f1caf,Phyton,16,,MISC,0.9999829530715942,22.0
004540ee-58f4-42c0-ad23-556691ff1676,Nice,0,,ORG,0.9999711513519287,4.0
bd2001f6-e0a7-41c6-87f5-3fd86a8b8914,Python,45,,MISC,0.9998830556869507,51.0
bd2001f6-e0a7-41c6-87f5-3fd86a8b8914,Python,52,,MISC,0.999555766582489,58.0
11da4bbd-6bd9-481c-8522-051adb03fc73,Python,23,,MISC,0.9999744892120361,29.0
9c6dcd09-bccf-4f1b-86c0-d5d22192f875,Python,9,,MISC,0.999975323677063,15.0
c65a36a0-f1e5-40b6-b018-9be0c6a4e9c0,Python,23,,MISC,0.9999804496765137,29.0
35a51166-3d59-49bc-a33d-c6724499f339,Python,35,,MISC,0.7163373231887817,41.0
92f3feef-a462-4ace-adec-379def482218,Hindi,94,,MISC,0.9999866485595703,99.0
5c4e2f92-e527-4440-a10e-93d4dee58cbd,Python,35,,MISC,0.9999898672103882,41.0
bd3a4b78-0e50-4981-9919-3a351b14ca51,Java,260,,MISC,0.999823272228241,264.0
bd3a4b78-0e50-4981-9919-3a351b14ca51,Python X,315,,MISC,0.9998966753482819,323.0
ce4bdb67-a2b6-4ea5-8dcc-c3ff4d8f74f0,Python,119,,MISC,0.9999860525131226,125.0
7c8970d5-99e9-472d-8877-e8f35100f763,Python,21,,MISC,0.9998728036880493,27.0
0b342aa6-a47b-4bc6-ae68-d628dd63ec26,PythonX,0,,MISC,0.9992464780807495,7.0
841b2bb5-121f-4d9c-9511-47222bfae5d0,Python,31,,MISC,0.999931812286377,37.0
295401e7-6d63-45fd-a9dd-44b4b6baed01,Python,28,,MISC,0.9999853372573853,34.0
19eabb79-c096-4fc3-a40d-7efd49bfbb7b,GIT,800,,MISC,0.9997164607048035,803.0
e827cf88-8069-4bf2-afd5-d5cf48bea4e4,Dot,11,,ORG,0.9997636675834656,14.0
3fc8c4a6-bfa8-4d4c-ab16-fd8c21d47a03,python X,46,,ORG,0.9999784231185913,54.0
26381850-e86b-4871-89f9-035ed9cfe77c,Nice,0,,ORG,0.9999711513519287,4.0
99bceecf-2755-4179-811c-ad6f0a9a7ae8,Python,41,,MISC,0.9999794960021973,47.0
74a084ff-6cc8-4d14-ad6d-64f0963b9f61,Python,23,,MISC,0.943886935710907,29.0
e93ad85e-b38f-4e63-8a7a-283b051dabd5,python X,17,,MISC,0.9999404549598694,25.0
e93ad85e-b38f-4e63-8a7a-283b051dabd5,PythonX,41,,MISC,0.9968679547309875,48.0
de72358e-5208-455f-a452-66ad9ef4cade,HackerX,134,,MISC,0.9999723434448242,141.0
911d1021-895f-4da9-b39a-5221faca24de,Nice,0,,ORG,0.9999711513519287,4.0
e5ec5044-a8b2-4c9d-ba5d-0ff0a8a1ff3d,MCQ'S,35,,MISC,0.996427595615387,40.0
94bc72ad-64cc-418e-8904-0219253243db,Nice,0,,ORG,0.9999711513519287,4.0
20f9fc47-260e-4430-9ff5-5ecd5cfb3480,Guido van Rossum,57,,PER,0.9999829530715942,73.0
e0f6c516-d7ea-446d-9883-cd6fa596967a,Nice,0,,ORG,0.9999711513519287,4.0
b244139a-82a8-48a2-b137-80a33e4585c1,Python,0,,MISC,0.9813810586929321,6.0
a7a4d94b-fbd9-4e69-a2aa-ab3dab3ef9f2,pythonX,14,,MISC,0.5797673463821411,21.0
795615d5-bc66-4b44-9dc4-9ab7578d50ff,PythonX,22,,ORG,0.9999597072601318,29.0
68a71651-2ed1-4071-9cfe-ad4a661dc923,PRO,88,,MISC,0.9988502264022827,91.0
15524311-81a4-4172-8586-c28fa7091491,Python,52,,MISC,0.9999793767929077,58.0
6920f5ef-5612-4156-9218-19be72aa6c6d,YouTube,40,,ORG,0.9997019171714783,47.0
c077b75a-d37f-433f-8f7d-a08daeb981b8,Nice,0,,ORG,0.9999711513519287,4.0
78672509-24c8-4b5f-908a-1a86ba081184,Programming Hub,34,,MISC,0.9997873306274414,49.0
78672509-24c8-4b5f-908a-1a86ba081184,"Python,interface",111,,MISC,0.9998478889465332,127.0
78672509-24c8-4b5f-908a-1a86ba081184,Programming Hub,147,,MISC,0.9996905326843262,162.0
78672509-24c8-4b5f-908a-1a86ba081184,Programming Hub,187,,MISC,0.999701589345932,202.0
b3b1bde2-ff53-4569-a8f3-2d25eb9e810f,Python,27,,MISC,0.9999819993972778,33.0
6849aa84-e8a9-4290-8431-0ad2d279c693,Nice,0,,ORG,0.9999711513519287,4.0
ced07de9-8b95-47fd-8817-208e386246cc,Python,127,,MISC,0.9998977184295654,133.0
e60bf8e4-5af3-4b2c-aebb-4aebbe61b1d1,Python,29,,MISC,0.9999724626541138,35.0
2110ea1c-6570-48d7-9c39-02a449ac3edd,Python,18,,MISC,0.9999825954437256,24.0
eac91511-dee8-42ae-b627-e6d3d4771dcd,t.stonexxx,0,,ORG,0.9950226545333862,10.0
4248afcd-7bb3-47f8-8957-f08b5b6c022c,Maza,0,,ORG,0.9720308780670166,4.0
5ae2ec87-b8bd-4bc2-9fe5-c0ea05349b58,Python,22,,MISC,0.9999804496765137,28.0
1558b4c2-4540-404b-87e3-fe1b28c18f65,Nice,0,,ORG,0.9999711513519287,4.0
36d7e344-a695-4bdd-acc9-761d652e4092,Python,44,,MISC,0.9999672174453735,50.0
ecad111d-564f-4277-a4c3-110fb345f67d,Python,99,,MISC,0.9999797344207764,105.0
9fd0e90b-b327-44a4-9956-003a7a319e19,Nice,0,,ORG,0.9999711513519287,4.0
e2347c7a-b2b8-4d54-86e3-2c1e26e49103,Amezing,0,,MISC,0.6148573756217957,7.0
90b50a57-cdc7-49cb-a483-6a8eaa3d4a1b,Python,35,,MISC,0.9999819993972778,41.0
aed62834-262a-4a3b-8ea1-c49eaa94edae,Nice,0,,ORG,0.9999711513519287,4.0
1c55c959-1b99-4b40-80a0-fb5796bc676b,Nice,0,,ORG,0.9999711513519287,4.0
82de5c22-c839-4a2a-90a9-3e9273994ae3,Amaizing,0,,MISC,0.8506568670272827,8.0
224c8718-9508-4d93-928f-1797b7ce3f76,Python,15,,MISC,0.9999750852584839,21.0
bbda514f-9be9-45d8-9ac5-553f47d2d185,Niceeee,0,,ORG,0.695793092250824,7.0
8387510e-df90-4089-97bc-7d12e15a3e96,Nice,0,,ORG,0.9999711513519287,4.0
792ce7a4-a90d-4f45-b95c-85b76fa302a3,Python,35,,MISC,0.9999673366546631,41.0
b08ac52d-b888-4f0d-9ac1-5a8d5fbdd806,PythonX,26,,MISC,0.9994370341300964,33.0
1e6d44c3-f0a0-447f-85a0-f44cd2a6b555,Nice,0,,ORG,0.9999711513519287,4.0
b2c5b90d-c21b-4c4a-8d2e-8d9279eb9fed,Python,81,,MISC,0.9999744892120361,87.0
fca35f88-21f9-4f7e-ad23-acf73b4e4fde,Nice,0,,ORG,0.9999711513519287,4.0
cc12dd30-5f50-4ab9-ba69-de73c597dca4,Nice,0,,ORG,0.9999711513519287,4.0
4bf77a10-d4a0-421c-96ba-01e44fc50ef8,Python,77,,MISC,0.9971362352371216,83.0
66aa746e-1f62-4e6d-844a-ae55613d05a4,Nepal,9,,LOC,0.9999970197677612,14.0
1366cda4-2378-43bc-a576-56ea7a80a322,PythonX,28,,MISC,0.9996955394744873,35.0
1a31e7cb-b797-4054-85f0-b1da8e3c3b03,Python,9,,MISC,0.9999017715454102,15.0
75cb437b-5a50-4cc7-890e-c8e389dc2b68,CBSE,49,,ORG,0.9996613264083862,53.0
75cb437b-5a50-4cc7-890e-c8e389dc2b68,CBSE,89,,ORG,0.9999579191207886,93.0
9242cc96-f79d-4df4-8fea-a49e1b4c4c39,Management Information Systems,0,,MISC,0.9981406132380167,30.0
7be456c7-2d05-4c49-9e6a-aedede8c4353,JavaScript,38,,MISC,0.9700872302055359,48.0
41add5c6-4b24-4b88-97a4-ce2d94e61e81,US,134,,MISC,0.725199818611145,136.0
41add5c6-4b24-4b88-97a4-ce2d94e61e81,Nigerian,148,,MISC,0.9963196516036987,156.0
41add5c6-4b24-4b88-97a4-ce2d94e61e81,Nigeria,174,,LOC,0.9999974966049194,181.0
c8777b54-e1e3-455d-8ca1-0937b14ba45b,Rs,23,,MISC,0.9998879432678223,25.0
c8777b54-e1e3-455d-8ca1-0937b14ba45b,Phython,189,,MISC,0.9999825954437256,196.0
26a393c2-cdd6-4f6c-b28d-1b6a0d855df0,Indian,154,,MISC,0.9999933242797852,160.0
eff17a09-ac26-409a-b85b-0b913cc1099c,Python x,0,,MISC,0.9997225701808929,8.0
47e87ded-a0c9-476a-a4c9-fab2ad6ebb0c,Python X,0,,MISC,0.9998838603496552,8.0
0e6f9a19-6f8b-428a-a045-8e5c815c6dc3,Amaizing,0,,ORG,0.9997773766517639,8.0
49f1974a-bbcb-4b9c-82e1-d6a6d599e424,Python Language,39,,MISC,0.9673978090286255,54.0
6594f1eb-4af1-453c-88ae-fd4406998ec3,Osm,0,,PER,0.5373420715332031,3.0
c1b0fd2d-0429-4c25-bf57-81f22efa7b96,Nice,0,,ORG,0.9999711513519287,4.0
84fa9131-e27e-48f1-b7aa-197e1fe027fe,Nice,0,,ORG,0.9999711513519287,4.0
64c4c976-7474-4454-9c16-d3a98fd7c897,Nice,0,,ORG,0.9999711513519287,4.0
43a242e0-594d-4aac-8437-413a35d932a8,Python,91,,MISC,0.9999635219573975,97.0
3f50aeda-695c-4be3-88c4-9d560850794a,Muhideen Seidu,0,,ORG,0.8840348720550537,14.0
1fba0780-718c-4710-8aaa-8a97cddb55b3,Majedaar,0,,ORG,0.9999922513961792,8.0
a58e7e3d-5b4e-474c-a5ef-955c497b8e31,Python,24,,MISC,0.9999810457229614,30.0
2384f02c-b61f-4809-8e50-90dac54b835c,Nice,0,,ORG,0.9999711513519287,4.0
add1460b-3a52-42dc-808f-428adaa98ba5,PyCharm,62,,MISC,0.9998283386230469,69.0
c3c67991-4357-4f4e-b895-91a96dedda04,Python,25,,MISC,0.9999830722808838,31.0
47a184cb-9860-4839-8abf-2be56dfb51a4,Relly,0,,PER,0.9183100461959839,5.0
7fe32da0-ea33-4965-b757-df593e36d93d,YouTube,90,,ORG,0.8008341789245605,97.0
7fe32da0-ea33-4965-b757-df593e36d93d,Rudra,228,,PER,0.999848484992981,233.0
2f121d71-7465-4117-9e74-3f42e37248cb,Python,0,,MISC,0.9998537302017212,6.0
99b56318-d267-4fc3-9432-79360e310e36,Nice,0,,ORG,0.9999711513519287,4.0
b9fec948-31e2-43c7-a4cc-73d1504577a7,Bitcoin,84,,MISC,0.9998959302902222,91.0
4c105df0-dcf3-4428-9543-161115960f6d,Python,38,,MISC,0.9999849796295166,44.0
21dba387-4fa4-4b18-91db-8aaceeeb97f3,Nice,0,,ORG,0.9999711513519287,4.0
4038a4d5-f59a-41f5-90ca-f35db8659724,EU,156,,ORG,0.9999909400939941,158.0
aaf6f9ed-68be-4966-b596-0eeec28380fd,PythonX,38,,MISC,0.9942958950996399,45.0
363e43c4-9526-41c9-b26e-d9932ac72e41,Nice,0,,ORG,0.9999711513519287,4.0
db8b61e3-7ad8-420a-854d-5da48db5ede1,Python,26,,MISC,0.9999263286590576,32.0
96363ba9-0a79-42d8-b60d-e23fef89f8e7,Nic,0,,ORG,0.7080126404762268,3.0
a97d9dfa-32d7-4616-8cf0-2564f0da2ee6,Nice,0,,ORG,0.9999711513519287,4.0
133e50f9-b771-4370-b9e0-2137386c5f74,Python,13,,MISC,0.9999866485595703,19.0
556d8ac5-5179-41fc-924d-51b7cb8431fd,Python,61,,MISC,0.9985640645027161,67.0
be6e152e-a310-4558-b0c1-904fafcd5905,Nice,0,,ORG,0.9999711513519287,4.0
8e047076-d0a7-48fb-a40c-8865fbc401c9,YouTube,371,,MISC,0.9470457434654236,378.0
6b232660-96d1-4012-afc4-65041110b037,Python,69,,MISC,0.9999921321868896,75.0
00ba0358-b99b-4c46-9ffe-587b66fd2e23,Nice,0,,ORG,0.9999711513519287,4.0
fbbde202-50ab-4b5e-9b00-64cda2d50b78,Noice,0,,ORG,0.9995904564857483,5.0
09c40498-3a7a-4fd4-9c59-82770b054fe3,Python,27,,MISC,0.9999759197235107,33.0
9c0c7049-9ece-40f7-8243-b285aa50a19c,Nice,0,,ORG,0.9999711513519287,4.0
3e55a491-f52c-4753-b346-22dd7b970173,Nice,0,,ORG,0.9999711513519287,4.0
0c223d91-f63d-468d-9f28-659cd3a51b59,Python,25,,MISC,0.9999454021453857,31.0
f2381dc7-df59-4259-82b5-8d10a7988c45,Nice,0,,ORG,0.9999711513519287,4.0
d2353b5c-c52a-4b02-81d1-f0cf5d75668f,Nice,0,,ORG,0.9999711513519287,4.0
bf7c5df5-a0a2-44f9-8221-a80d4a3d006a,Aidsless,31,,MISC,0.9998979568481445,39.0
29845b18-23d7-4bf9-b76f-62de83c824f8,Nice,0,,ORG,0.9999711513519287,4.0
25b8ef76-5abc-4585-99f8-d37a4c5bf2a5,Python,68,,MISC,0.9998685121536255,74.0
caf750a8-acab-4775-81b2-44cc2c936a84,Osm,0,,ORG,0.8899002075195312,3.0
4db2d4f2-1026-405f-ae02-55dcad686bcd,PythonX,60,,ORG,0.9999818801879883,67.0
618a7460-9ecb-40d1-8718-b96d4ee24b26,PythonX,51,,MISC,0.9998900890350342,58.0
13a4921c-cd62-4dd9-a25f-1b59dd554314,Python,48,,MISC,0.9999639987945557,54.0
0ecb887f-98f6-4d7f-b611-97367b628034,Wao,0,,PER,0.8749973177909851,3.0
f2b3ac99-e442-48ab-b0c7-e3aca3716225,Nice,0,,ORG,0.9999711513519287,4.0
e62bf713-954d-4260-849c-ae82a8818b79,Amazimg,0,,ORG,0.9999901056289673,7.0
22252696-c128-4afc-a8fa-399a8c2e2576,HTML,92,,MISC,0.7785132527351379,96.0
f977be70-fd13-4250-a1e1-8700684bf9cd,Nigeria,107,,LOC,0.9999972581863403,114.0
4359af93-fd8c-44b2-bb1b-a846e84bbedd,PYTHON,22,,MISC,0.9997290968894958,28.0
35ac8768-992c-4f46-9509-14b85bab0e01,Nice,0,,ORG,0.9999711513519287,4.0
20db7c0f-48bd-43db-b3b5-4bdeb434a86b,Nice,0,,ORG,0.9999711513519287,4.0
a0fef102-c7ea-4c21-9d91-d3c5827b1d7e,Neice,0,,MISC,0.9917439818382263,5.0
5eec96b0-bf65-454e-90d1-6c247eff108d,Jst Osm,0,,PER,0.9998887777328491,7.0
19c5798e-d351-4bfd-8196-8fa4d2aaa469,PythonX,22,,ORG,0.9588160514831543,29.0
0691d6dd-767c-4dca-bb7f-87bcd1a26ac6,Python,23,,MISC,0.9999696016311646,29.0
0ad21c5e-df0a-4b12-a35f-a6f6a5c48b38,Nice,0,,ORG,0.9999711513519287,4.0
f55e25fd-76ca-423e-b92f-0710658153ef,Vest Application,0,,MISC,0.7035969495773315,16.0
5257b741-64e6-41be-8732-5f9d08507cc7,duolingo.,100,,ORG,0.8008086085319519,109.0
5fdcbbbd-acdf-46ff-a692-a225417b9590,Osm,0,,ORG,0.9999774694442749,3.0
12f04f29-298f-4d79-bc3a-49a55010adf5,Python,6,,MISC,0.9999774694442749,12.0
2645fa0c-e208-440d-b568-8f74679f6be7,Xyz,0,,ORG,0.9790757894515991,3.0
75439f10-7a14-4bc6-a4fd-a296c70044e0,Python,44,,MISC,0.9999793767929077,50.0
75439f10-7a14-4bc6-a4fd-a296c70044e0,Python,131,,MISC,0.9999748468399048,137.0
68c28a90-5b06-4747-bd2b-a57cec6299ff,Nice,0,,LOC,0.9997982382774353,4.0
a64d85a9-84d4-4d52-addd-6d6949fbc135,Python,221,,MISC,0.9999634027481079,227.0
47a69fb6-68ba-4206-a309-73b64c60506e,SNAKE PYTHON,118,,LOC,0.9356811344623566,130.0
df2048a8-ee8f-47d5-b16e-c89e3743565a,Pythons,179,,MISC,0.9353882074356079,186.0
8b54b120-a497-450c-a430-a46a56b3211f,Nice,0,,ORG,0.9999711513519287,4.0
ba8c05a6-7d3e-469c-8c45-07833f1be438,Osam,0,,PER,0.9902685880661011,4.0
6e8e588c-045e-4950-9381-9f998a33106c,Nice,0,,ORG,0.9999711513519287,4.0
4fd40240-ab8e-45d4-a411-85837e6e8f91,Nice,0,,ORG,0.9999711513519287,4.0
c40d9ef3-d77b-4a29-9dcb-b5b77745b48d,Microsoft,13,,ORG,0.9999862909317017,22.0
a8988ab7-c8c8-4e0d-9249-2424698d8b3c,Nice,0,,ORG,0.9999711513519287,4.0
7f88007f-90fa-44f4-8f6c-2cdb44a5c0bb,Python,16,,MISC,0.9678776264190674,22.0
cc196420-bbd1-40cb-a303-55ddabbab5de,YouTube,177,,MISC,0.9600151777267456,184.0
6992775c-844c-4e67-ad28-5f81a41f2c5f,PythonX,0,,MISC,0.9999066591262817,7.0
6992775c-844c-4e67-ad28-5f81a41f2c5f,Python,54,,MISC,0.9999843835830688,60.0
9b4e4585-d246-4cf9-b287-b4056af092b2,Noice,0,,ORG,0.9995904564857483,5.0
3d6d3d17-95fe-4784-965c-8540c8b4732b,Nice,0,,ORG,0.9999711513519287,4.0
46351bde-296d-404a-b7e3-16a5ca52ad7a,PythonX,53,,MISC,0.9998677968978882,60.0
0b0c442c-4cd5-4e1f-948e-41da7916b397,Python,0,,MISC,0.999201238155365,6.0
7d6a9cea-d4cc-41c4-8eb4-85bf6ef1c121,Java,17,,MISC,0.999982476234436,21.0
4f0739ab-3dbf-4678-a884-b99e772891dc,Nice,0,,ORG,0.9999711513519287,4.0
24fad6c3-03f4-4b62-9b73-4e8a65a9f6e8,Python,22,,MISC,0.9999713897705078,28.0
